user_prompt,output,timestamp
O que são hidrocarbonetos ?,"Os hidrocarbonetos são compostos químicos que contêm apenas carbono (C) e hidrogênio (H) como elementos químicos. Eles são compostos por cadeias de átomos de carbono unidos por ligações químicas, com átomos de hidrogênio ligados a esses átomos de carbono.

Os hidrocarbonetos são classificados em dois grupos principais:

1. Hidrocarbonetos saturados: Esses compostos têm ligações químicas entre os átomos de carbono, formando uma cadeia contínua. Exemplos de hidrocarbonetos saturados incluem o metano (CH4), o etano (C2H6), o propano (C3H8) e o butano (C4H10).
2. Hidrocarbonetos insaturados: Esses compostos têm ligações químicas entre os átomos de carbono que são rompidas, formando grupos funcionais como duplas ou triplas ligações. Exemplos de hidrocarbonetos insaturados incluem o eteno (C2H4), o propeno (C3H6) e o butadieno (C4H6).

Os hidrocarbonetos são encontrados naturalmente em muitos produtos orgânicos, como petróleo, gás natural, carvão e combustíveis fósseis. Eles também são produzidos artificialmente em laboratórios e usados em uma ampla variedade de aplicações, incluindo a produção de combustíveis, plásticos, medicamentos e outros produtos químicos.

Alguns exemplos de hidrocarbonetos incluem:

* Combustíveis fósseis: petróleo, gás natural, carvão
* Combustíveis líquidos: gasolina, diesel, óleo diesel
* Combustíveis gaseosos: metano, etano, propano
* Plásticos: polietileno, polipropileno, polivinilcloruro
* Medicamentos: aspirina, ibuprofeno, acetaminofeno
* Lubrificantes: óleo de motor, graxa, silicone

Em resumo, os hidrocarbonetos são compostos químicos que contêm apenas carbono e hidrogênio e são encontrados naturalmente ou produzidos artificialmente em uma ampla variedade de aplicações.",2025-02-26 19:53:58.403838
